{
  "_fv": 79,
  "_type": "procedure",
  "definition": {
    "procedurexml": "<xml xmlns=\"https://developers.google.com/blockly/xml\"><block type=\"event_trigger\" deletable=\"false\" x=\"142\" y=\"64\"><field name=\"trigger\">no_ext_trigger</field><next><block type=\"controls_if\"><mutation elseif=\"1\"></mutation><value name=\"IF0\"><block type=\"entity_checkgamemode\"><field name=\"gamemode\">CREATIVE</field><value name=\"entity\"><block type=\"entity_from_deps\"></block></value></block></value><statement name=\"DO0\"><block type=\"block_replace\"><field name=\"state\">TRUE</field><field name=\"nbt\">FALSE</field><value name=\"x\"><block type=\"coord_x\"></block></value><value name=\"y\"><block type=\"coord_y\"></block></value><value name=\"z\"><block type=\"coord_z\"></block></value><value name=\"block\"><block type=\"mcitem_allblocks\"><field name=\"value\">Blocks.AIR</field></block></value></block></statement><value name=\"IF1\"><block type=\"math_binary_ops\"><field name=\"OP\">LT</field><value name=\"A\"><block type=\"entity_foodlevel\"><value name=\"entity\"><block type=\"entity_from_deps\"></block></value></block></value><value name=\"B\"><block type=\"math_number\"><field name=\"NUM\">20</field></block></value></block></value><statement name=\"DO1\"><block type=\"entity_set_foodlevel\"><value name=\"entity\"><block type=\"entity_from_deps\"></block></value><value name=\"foodlevel\"><block type=\"math_dual_ops\"><field name=\"OP\">ADD</field><value name=\"A\"><block type=\"entity_foodlevel\"><value name=\"entity\"><block type=\"entity_from_deps\"></block></value></block></value><value name=\"B\"><block type=\"math_number\"><field name=\"NUM\">2</field></block></value></block></value><next><block type=\"block_replace\"><field name=\"state\">TRUE</field><field name=\"nbt\">FALSE</field><value name=\"x\"><block type=\"coord_x\"></block></value><value name=\"y\"><block type=\"coord_y\"></block></value><value name=\"z\"><block type=\"coord_z\"></block></value><value name=\"block\"><block type=\"mcitem_allblocks\"><field name=\"value\">Blocks.AIR</field></block></value></block></next></block></statement></block></next></block></xml>",
    "skipDependencyNullCheck": false
  }
}