{
  "_fv": 79,
  "_type": "recipe",
  "definition": {
    "recipeType": "Crafting",
    "recipeRetstackSize": 1,
    "group": "",
    "unlockingItems": [
      {
        "value": "Items.EGG"
      }
    ],
    "cookingBookCategory": "MISC",
    "xpReward": 0.0,
    "cookingTime": 200,
    "craftingBookCategory": "MISC",
    "recipeShapeless": false,
    "recipeSlots": [
      {
        "value": "Items.MILK_BUCKET"
      },
      {
        "value": "CUSTOM:Strawberry"
      },
      {
        "value": "Items.MILK_BUCKET"
      },
      {
        "value": "Items.SUGAR"
      },
      {
        "value": "TAG:mod:eggs"
      },
      {
        "value": "Items.SUGAR"
      },
      {
        "value": "Items.WHEAT"
      },
      {
        "value": "CUSTOM:StrawberryJam"
      },
      {
        "value": "Items.WHEAT"
      }
    ],
    "recipeReturnStack": {
      "value": "CUSTOM:StrawberryCake"
    },
    "name": "strawberry_cake_recipe",
    "namespace": "mod"
  }
}