{
  "_fv": 79,
  "_type": "block",
  "definition": {
    "texture": "strawberry_cake_all_layer",
    "textureTop": "strawberry_cake_all_layer",
    "textureLeft": "strawberry_cake_all_layer",
    "textureFront": "strawberry_cake_all_layer",
    "textureRight": "strawberry_cake_all_layer",
    "textureBack": "strawberry_cake_all_layer",
    "renderType": 2,
    "customModelName": "strawberrycakes5:default",
    "rotationMode": 3,
    "enablePitch": false,
    "emissiveRendering": false,
    "displayFluidOverlay": false,
    "animations": [],
    "itemTexture": "strawberry_cake",
    "particleTexture": "",
    "blockSetType": "OAK",
    "pottedPlant": {
      "value": ""
    },
    "tintType": "No tint",
    "isItemTinted": false,
    "hasTransparency": true,
    "connectedSides": false,
    "transparencyType": "SOLID",
    "disableOffset": false,
    "boundingBoxes": [
      {
        "mx": 1.0,
        "my": 0.0,
        "mz": 1.0,
        "Mx": 15.0,
        "My": 8.0,
        "Mz": 15.0,
        "subtract": false
      }
    ],
    "customProperties": [],
    "name": "Strawberry Cake",
    "specialInformation": {
      "fixedValue": []
    },
    "hardness": 3.0,
    "resistance": 3.0,
    "hasGravity": false,
    "isWaterloggable": false,
    "hasBlockItem": false,
    "maxStackSize": 64,
    "rarity": "COMMON",
    "immuneToFire": false,
    "creativeTabs": [],
    "destroyTool": "Not specified",
    "customDrop": {
      "value": ""
    },
    "dropAmount": 1,
    "xpAmountMin": 0,
    "xpAmountMax": 0,
    "useLootTableForDrops": false,
    "requiresCorrectTool": false,
    "enchantPowerBonus": 0.0,
    "plantsGrowOn": false,
    "canRedstoneConnect": false,
    "lightOpacity": 0,
    "tickRate": 0,
    "tickRandomly": false,
    "isReplaceable": false,
    "canProvidePower": false,
    "emittedRedstonePower": {
      "fixedValue": 15.0
    },
    "colorOnMap": "DEFAULT",
    "noteBlockInstrument": "iron_xylophone",
    "creativePickItem": {
      "value": "CUSTOM:StrawberryCake"
    },
    "offsetType": "NONE",
    "aiPathNodeType": "DEFAULT",
    "strippingResult": {
      "value": ""
    },
    "ignitedByLava": false,
    "flammability": 0,
    "fireSpreadSpeed": 0,
    "isLadder": false,
    "slipperiness": 0.6,
    "speedFactor": 1.0,
    "jumpFactor": 1.0,
    "reactionToPushing": "NORMAL",
    "isNotColidable": false,
    "isCustomSoundType": false,
    "soundOnStep": {
      "value": "CLOTH"
    },
    "breakSound": {
      "value": ""
    },
    "fallSound": {
      "value": ""
    },
    "hitSound": {
      "value": ""
    },
    "placeSound": {
      "value": ""
    },
    "stepSound": {
      "value": ""
    },
    "luminance": 0,
    "unbreakable": false,
    "vanillaToolTier": "NONE",
    "isBonemealable": false,
    "sensitiveToVibration": false,
    "vibrationalEvents": [],
    "vibrationSensitivityRadius": {
      "fixedValue": 7.0
    },
    "hasInventory": false,
    "openGUIOnRightClick": false,
    "inventorySize": 9,
    "inventoryStackSize": 99,
    "inventoryDropWhenDestroyed": true,
    "inventoryComparatorPower": true,
    "inventoryOutSlotIDs": [],
    "inventoryInSlotIDs": [],
    "hasEnergyStorage": false,
    "energyInitial": 0,
    "energyCapacity": 400000,
    "energyMaxReceive": 200,
    "energyMaxExtract": 200,
    "isFluidTank": false,
    "fluidCapacity": 8000,
    "fluidRestrictions": [],
    "onRightClicked": {
      "name": "SC5B"
    },
    "generateFeature": false,
    "restrictionBiomes": [],
    "blocksToReplace": [
      {
        "value": "TAG:stone_ore_replaceables"
      }
    ],
    "generationShape": "UNIFORM",
    "frequencyPerChunks": 10,
    "frequencyOnChunk": 16,
    "minGenerateHeight": 0,
    "maxGenerateHeight": 64
  }
}