{
  "format_version": "1.21.6",
  "credit": "Made with Blockbench",
  "elements": [
    {
      "from": [
        1,
        0,
        1
      ],
      "to": [
        4,
        8,
        15
      ],
      "rotation": {
        "angle": 0,
        "axis": "y",
        "origin": [
          1,
          0,
          0
        ]
      },
      "faces": {
        "north": {
          "uv": [
            9,
            3,
            13.66667,
            5.66667
          ],
          "texture": "#4"
        },
        "east": {
          "uv": [
            9,
            9.33333,
            13.66667,
            12
          ],
          "texture": "#4"
        },
        "south": {
          "uv": [
            9,
            3,
            13.66667,
            5.66667
          ],
          "texture": "#4"
        },
        "west": {
          "uv": [
            9,
            3,
            13.66667,
            5.66667
          ],
          "texture": "#4"
        },
        "up": {
          "uv": [
            1,
            7.33333,
            2,
            12
          ],
          "texture": "#4"
        },
        "down": {
          "uv": [
            1,
            1,
            5.66667,
            5.66667
          ],
          "texture": "#4"
        }
      }
    }
  ]
}