{
  "format_version": "1.21.6",
  "credit": "Made with Blockbench",
  "elements": [
    {
      "from": [
        1,
        0,
        1
      ],
      "to": [
        15,
        8,
        2
      ],
      "rotation": {
        "angle": 0,
        "axis": "y",
        "origin": [
          1,
          0,
          1
        ]
      },
      "faces": {
        "north": {
          "uv": [
            9,
            3.33333,
            13.66667,
            6
          ],
          "texture": "#4"
        },
        "east": {
          "uv": [
            9,
            3.33333,
            10,
            6
          ],
          "texture": "#4"
        },
        "south": {
          "uv": [
            9,
            8.66667,
            13.66667,
            11.33333
          ],
          "texture": "#4"
        },
        "west": {
          "uv": [
            9,
            3.33333,
            10,
            6
          ],
          "texture": "#4"
        },
        "up": {
          "uv": [
            1,
            6.66667,
            5.66667,
            11.33333
          ],
          "texture": "#4"
        },
        "down": {
          "uv": [
            1,
            0.66667,
            5.66667,
            5.33333
          ],
          "texture": "#4"
        }
      }
    }
  ],
  "display": {}
}