{
  "schemaVersion": 1,
  "id": "gaboomsmod",
  "version": "1.0.0",
  "name": "gabooms-mod",
  "authors": [
    "MCreator"
  ],
  "contact": {
    "homepage": "https://mcreator.net",
    "sources": ""
  },
  "license": "Not specified",
  "environment": "*",
  "entrypoints": {
    "main": [
      "net.mcreator.gaboomsmod.GaboomsmodMod"
    ],
    "client": [
      "net.mcreator.gaboomsmod.GaboomsmodModClient"
    ]
  },
  "mixins": [
    "gaboomsmod.mixins.json"
  ],
  "depends": {
    "fabricloader": ">=0.17.2",
    "minecraft": "~1.21.8",
    "java": ">=21",
    "fabric-api": "*"
  }
}